6워,지형지물부호,관리번호,행정읍면동,도엽번호,관리기관,교차시설명,교차연장,교차시설폭원,유효고,교차각도,교차로명,교차로수,교차방식,대장초기화여부,비고,도로구간번호,납품업체,로딩일자
1,AD010,2.15307E+11,41590588,377130720B,MNG244, ,46.62,40.95,0,0, ,4,RTR001,1, ,21530720058, , 
2,AD010,2.15303E+11,41590590,377130290C,MNG244, ,33.79,17.7,0,0, ,3,RTR001,1, ,21530290241, , 
3,AD010,2.15303E+11,41590590,377130290D,MNG244, ,34.35,49.83,0,0, ,4,RTR001,1, ,21530290520, , 
4,AD010,2.15304E+11,41590590,377130392B,MNG244, ,22.46,20.53,0,0, ,3,RTR001,1, ,21530393579, , 
5,AD010,2.15304E+11,41590590,377130396B,MNG244, ,8.41,10.2,0,0, ,3,RTR001,1, ,21530396959, , 
6,AD010,2.15304E+11,41590590,377130396B,MNG244, ,4.01,15.82,0,0, ,3,RTR001,1, ,21530396967, , 
7,AD010,2.15304E+11,41590590,377130396B,MNG244, ,8.53,12.34,0,0, ,3,RTR001,1, ,21530396957, , 
8,AD010,2.15304E+11,41590590,377130396B,MNG244, ,4.99,15.09,0,0, ,3,RTR001,1, ,21530396969, , 
9,AD010,2.15304E+11,41590590,377130396D,MNG244, ,8.17,8.01,0,0, ,3,RTR001,1, ,21530396968, , 
10,AD010,2.15304E+11,41590590,377130396D,MNG244, ,4.99,15.06,0,0, ,3,RTR001,1, ,21530396971, , 
11,AD010,2.15304E+11,41590590,377130382B,MNG244, ,10.8,20.67,0,0, ,3,RTR001,1, ,21530382947, , 
12,AD010,2.15304E+11,41590590,377130382B,MNG244, ,13.06,20.53,0,0, ,3,RTR001,1, ,21530382942, , 
13,AD010,2.15304E+11,41590590,377130383C,MNG244, ,6.3,24.47,0,0, ,3,RTR001,1, ,21530383940, , 
14,AD010,2.15304E+11,41590590,377130382C,MNG244, ,3.82,19.97,0,0, ,3,RTR001,1, ,21530382714, , 
15,AD010,2.15307E+11,41590600,377130710C,MNG244, ,10.28,23.84,0,0, ,3,RTR001,1, ,21530710929, , 
16,AD010,2.15307E+11,41590600,377130710A,MNG244, ,18.39,36.66,0,0, ,3,RTR001,1, ,21530710932, , 
17,AD010,2.15302E+11,41590590,377130200B,MNG244, ,41.36,56.61,0,0, ,4,RTR001,1, ,21530200431, , 
18,AD010,2.15304E+11,41590590,377130391B,MNG244, ,43.81,40.92,0,0, ,4,RTR001,1, ,21530391039, , 
19,AD010,2.15302E+11,41590588,377130200D,MNG244, ,50.54,57.54,0,0, ,4,RTR001,1, ,21530200064, , 
20,AD010,2.15307E+11,41590600,377130710D,MNG244, ,39.37,49.74,0,0, ,4,RTR001,1, ,21530710061, , 
21,AD010,2.15308E+11,41590588,377130801D,MNG244, ,35.17,40.38,0,0, ,3,RTR001,1, ,21530801057, , 
22,AD010,2.15308E+11,41590588,377130801A,MNG244, ,31.33,27.14,0,0, ,3,RTR001,1, ,21530801051, , 
23,AD010,2.15304E+11,41590588,377130391C,MNG244, ,27.89,29.05,0,0, ,3,RTR001,1, ,21530391045, , 
24,AD010,2.15304E+11,41590588,377130391C,MNG244, ,23.78,25.05,0,0, ,3,RTR001,1, ,21530391043, , 
25,AD010,2.15304E+11,41590588,377130391B,MNG244, ,37,41.29,0,0, ,3,RTR001,1, ,21530391040, , 
26,AD010,2.15304E+11,41590588,377130391D,MNG244, ,26.67,25.05,0,0, ,3,RTR001,1, ,21530391030, , 
27,AD010,2.15308E+11,41590588,377130803B,MNG244, ,36.97,32.17,0,0, ,4,RTR001,1, ,21530803047, , 
28,AD010,2.15308E+11,41590588,377130803A,MNG244, ,37.9,37.25,0,0, ,3,RTR001,1, ,21530803049, , 
29,AD010,2.15304E+11,41590588,377130392D,MNG244, ,35.41,38.74,0,0, ,3,RTR001,1, ,21530392027, , 
30,AD010,2.15304E+11,41590590,377130392B,MNG244, ,38.55,40.58,0,0, ,4,RTR001,1, ,21530392035, , 
31,AD010,2.15304E+11,41590588,377130393B,MNG244, ,78.86,55.16,0,0, ,4,RTR001,1, ,21530393068, , 
32,AD010,2.15304E+11,41590588,377130393D,MNG244, ,31.73,29.7,0,0, ,3,RTR001,1, ,21530393018, , 
33,AD010,2.15304E+11,41590588,377130393D,MNG244, ,20.84,19.66,0,0, ,3,RTR001,1, ,21530393020, , 
34,AD010,2.15304E+11,41590588,377130393D,MNG244, ,20.96,20.16,0,0, ,3,RTR001,1, ,21530393022, , 
35,AD010,2.15304E+11,41590588,377130393D,MNG244, ,28.09,25.41,0,0, ,3,RTR001,1, ,21530393025, , 
36,AD010,2.15308E+11,41590588,377130804A,MNG244, ,69.03,46.74,0,0, ,4,RTR001,1, ,21530804014, , 
37,AD010,2.15304E+11,41590588,377130394D,MNG244, ,36.71,33.86,0,0, ,4,RTR001,1, ,21530394010, , 
38,AD010,2.15304E+11,41590590,377130394A,MNG244, ,34.65,33.25,0,0, ,4,RTR001,1, ,21530394004, , 
39,AD010,2.15304E+11,41590588,377130395A,MNG244, ,50.85,59.67,0,0, ,4,RTR001,1, ,21530395006, , 
40,AD010,2.15308E+11,41590588,377130802D,MNG244, ,18.11,15.78,0,0, ,3,RTR001,1, ,21530803054, , 
41,AD010,2.15307E+11,41590588,377130710D,MNG244, ,18.36,48.53,0,0, ,3,RTR001,1, ,21530710081, , 
42,AD010,2.15307E+11,41590600,377130710B,MNG244, ,4.57,51.33,0,0, ,3,RTR001,1, ,21530710079, , 
43,AD010,2.15302E+11,41590588,377130200B,MNG244, ,18.22,52.97,0,0, ,3,RTR001,1, ,21530200077, , 
44,AD010,2.15302E+11,41590588,377130200B,MNG244, ,17.79,56.74,0,0, ,3,RTR001,1, ,21530200075, , 
45,AD010,2.15303E+11,41590590,377130288B,MNG244, ,32.92,51.15,0,0, ,3,RTR001,1, ,21530288116, , 
46,AD010,2.15303E+11,41590600,377130298B,MNG244, ,36.8,43.79,0,0, ,4,RTR001,1, ,21530298107, , 
47,AD010,2.15307E+11,41590600,377130728D,MNG244, ,34.49,51.93,0,0, ,4,RTR001,1, ,21530728101, , 
48,AD010,2.15307E+11,41590600,377130728D,MNG244, ,20.14,13.83,0,0, ,4,RTR001,1, ,21530728102, , 
49,AD010,2.15308E+11,41590600,377130758A,MNG244, ,29.92,47.95,0,0, ,4,RTR001,1, ,21530758094, , 
50,AD010,2.15308E+11,41590600,377130778A,MNG244, ,26.48,54.03,0,0, ,4,RTR001,1, ,21530778090, , 
51,AD010,2.15308E+11,41590600,377130777D,MNG244, ,39.1,34.38,0,0, ,4,RTR001,1, ,21530777085, , 
52,AD010,2.15307E+11,41590600,377130738D,MNG244, ,17.01,38.01,0,0, ,4,RTR001,1, ,21530738120, , 
53,AD010,2.15308E+11,41590588,377130804D,MNG244, ,34.71,41.07,0,0, ,4,RTR001,1, ,21530804540, , 
54,AD010,2.15303E+11,41590590,377130290D,MNG244, ,20.52,19.47,0,0, ,3,RTR001,1, ,21530290525, , 
55,AD010,2.15303E+11,41590590,377130290D,MNG244, ,14.91,10.05,0,0, ,3,RTR001,1, ,21530290233, , 
56,AD010,2.15303E+11,41590590,377130290C,MNG244, ,15.07,10.03,0,0, ,3,RTR001,1, ,21530290235, , 
57,AD010,2.15303E+11,41590590,377130290C,MNG244, ,17.03,17.03,0,0, ,3,RTR001,1, ,21530290237, , 
58,AD010,2.15303E+11,41590590,377130290B,MNG244, ,56.03,55.91,0,0, ,4,RTR001,1, ,21530290299, , 
59,AD010,2.15304E+11,41590590,377130381B,MNG244, ,50.56,50.56,0,0, ,4,RTR001,1, ,21530381297, , 
60,AD010,2.15304E+11,41590590,377130382A,MNG244, ,33.19,33.19,0,0, ,4,RTR001,1, ,21530382295, , 
61,AD010,2.15304E+11,41590590,377130381D,MNG244, ,34.65,34.7,0,0, ,4,RTR001,1, ,21530381219, , 
62,AD010,2.15304E+11,41590590,377130382B,MNG244, ,35.83,44.38,0,0, ,4,RTR001,1, ,21530383292, , 
63,AD010,2.15304E+11,41590590,377130383A,MNG244, ,21.25,20.52,0,0, ,3,RTR001,1, ,21530383290, , 
64,AD010,2.15304E+11,41590590,377130383A,MNG244, ,19.65,23.47,0,0, ,3,RTR001,1, ,21530383288, , 
65,AD010,2.15304E+11,41590590,377130383A,MNG244, ,15.24,12.35,0,0, ,3,RTR001,1, ,21530383284, , 
66,AD010,2.15304E+11,41590590,377130383C,MNG244, ,17.54,9.77,0,0, ,3,RTR001,1, ,21530383212, , 
67,AD010,2.15304E+11,41590590,377130383B,MNG244, ,16.79,7.91,0,0, ,3,RTR001,1, ,21530383208, , 
68,AD010,2.15304E+11,41590590,377130383B,MNG244, ,15.9,15.9,0,0, ,3,RTR001,1, ,21530383205, , 
69,AD010,2.15304E+11,41590590,377130383B,MNG244, ,18.27,9.96,0,0, ,3,RTR001,1, ,21530383244, , 
70,AD010,2.15304E+11,41590590,377130383B,MNG244, ,31.2,31.19,0,0, ,3,RTR001,1, ,21530383286, , 
71,AD010,2.15304E+11,41590590,377130384C,MNG244, ,17.04,11.95,0,0, ,3,RTR001,1, ,21530384145, , 
72,AD010,2.15304E+11,41590590,377130384C,MNG244, ,20.63,20.63,0,0, ,3,RTR001,1, ,21530384246, , 
73,AD010,2.15304E+11,41590590,377130394A,MNG244, ,14.8,16.45,0,0, ,3,RTR001,1, ,21530394166, , 
74,AD010,2.15304E+11,41590590,377130393A,MNG244, ,28.75,39.74,0,0, ,3,RTR001,1, ,21530393162, , 
75,AD010,2.15304E+11,41590590,377130394A,MNG244, ,31.34,20.46,0,0, ,4,RTR001,1, ,21530394142, , 
76,AD010,2.15304E+11,41590590,377130383A,MNG244, ,15.07,15.07,0,0, ,4,RTR001,1, ,21530383281, , 
77,AD010,2.15304E+11,41590590,377130383A,MNG244, ,15.03,12.46,0,0, ,4,RTR001,1, ,21530383267, , 
78,AD010,2.15304E+11,41590590,377130383D,MNG244, ,32.63,20.46,0,0, ,4,RTR001,1, ,21530383186, , 
79,AD010,2.15304E+11,41590590,377130395A,MNG244, ,14.75,7.88,0,0, ,3,RTR001,1, ,21530395132, , 
80,AD010,2.15304E+11,41590590,377130395B,MNG244, ,17.54,10.05,0,0, ,3,RTR001,1, ,21530395126, , 
81,AD010,2.15304E+11,41590590,377130395B,MNG244, ,16.65,9.94,0,0, ,3,RTR001,1, ,21530395118, , 
82,AD010,2.15304E+11,41590590,377130395B,MNG244, ,17.09,9.63,0,0, ,4,RTR001,1, ,21530395113, , 
83,AD010,2.15304E+11,41590590,377130395B,MNG244, ,20.43,18.57,0,0, ,4,RTR001,1, ,21530395589, , 
84,AD010,2.15304E+11,41590590,377130395B,MNG244, ,7.65,7.65,0,0, ,4,RTR001,1, ,21530395591, , 
85,AD010,2.15304E+11,41590590,377130396A,MNG244, ,15.21,33.24,0,0, ,3,RTR001,1, ,21530395566, , 
86,AD010,2.15304E+11,41590590,377130396A,MNG244, ,14.93,7.78,0,0, ,3,RTR001,1, ,21530396569, , 
87,AD010,2.15304E+11,41590590,377130396A,MNG244, ,27.65,8.19,0,0, ,4,RTR001,1, ,21530396562, , 
88,AD010,2.15304E+11,41590590,377130396A,MNG244, ,15.05,15.05,0,0, ,4,RTR001,1, ,21530396594, , 
89,AD010,2.15304E+11,41590590,377130396A,MNG244, ,15.94,15.89,0,0, ,3,RTR001,1, ,21530396596, , 
90,AD010,2.15304E+11,41590590,377130396A,MNG244, ,17.08,8.05,0,0, ,3,RTR001,1, ,21530396557, , 
91,AD010,2.15304E+11,41590590,377130396A,MNG244, ,15.13,7.69,0,0, ,3,RTR001,1, ,21530396555, , 
92,AD010,2.15304E+11,41590590,377130396C,MNG244, ,15.02,7.48,0,0, ,3,RTR001,1, ,21530396548, , 
93,AD010,2.15304E+11,41590590,377130396C,MNG244, ,33.65,31.54,0,0, ,3,RTR001,1, ,21530396542, , 
94,AD010,2.15304E+11,41590590,377130395B,MNG244, ,13.2,9.96,0,0, ,3,RTR001,1, ,21530395110, , 
95,AD010,2.15304E+11,41590590,377130395B,MNG244, ,16.82,9.97,0,0, ,3,RTR001,1, ,21530395116, , 
96,AD010,2.15304E+11,41590590,377130395A,MNG244, ,19.12,9.98,0,0, ,3,RTR001,1, ,21530395120, , 
97,AD010,2.15304E+11,41590590,377130396A,MNG244, ,14.52,8.05,0,0, ,3,RTR001,1, ,21530396597, , 
98,AD010,2.15304E+11,41590590,377130396A,MNG244, ,13.94,16.46,0,0, ,3,RTR001,1, ,21530396100, , 
99,AD010,2.15304E+11,41590590,377130395D,MNG244, ,30.53,30.54,0,0, ,3,RTR001,1, ,21530395583, , 
100,AD010,2.15304E+11,41590590,377130396A,MNG244, ,15.28,16.51,0,0, ,3,RTR001,1, ,21530396546, , 
101,AD010,2.15304E+11,41590590,377130396A,MNG244, ,15.21,8.03,0,0, ,4,RTR001,1, ,21530396560, , 
102,AD010,2.15304E+11,41590590,377130395B,MNG244, ,15.08,9.93,0,0, ,3,RTR001,1, ,21530395122, , 
103,AD010,2.15304E+11,41590590,377130395B,MNG244, ,21.16,9.96,0,0, ,3,RTR001,1, ,21530395124, , 
104,AD010,2.15304E+11,41590590,377130396A,MNG244, ,14.98,6.78,0,0, ,3,RTR001,1, ,21530396551, , 
105,AD010,2.15304E+11,41590590,377130383A,MNG244, ,15.04,15.04,0,0, ,3,RTR001,1, ,21530383214, , 
106,AD010,2.15304E+11,41590590,377130382A,MNG244, ,20.67,20.67,0,0, ,3,RTR001,1, ,21530382153, , 
107,AD010,2.15303E+11,41590590,377130290D,MNG244, ,15.22,15.23,0,0, ,3,RTR001,1, ,21530290230, , 
108,AD010,2.15303E+11,41590590,377130290C,MNG244, ,15.15,15.15,0,0, ,3,RTR001,1, ,21530290228, , 
109,AD010,2.15304E+11,41590590,377130393B,MNG244, ,21.17,12.49,0,0, ,3,RTR001,1, ,21530393176, , 
110,AD010,2.15304E+11,41590590,377130383C,MNG244, ,30.96,9.8,0,0, ,6,RTR001,1, ,21530383276, , 
111,AD010,2.15304E+11,41590590,377130383D,MNG244, ,14.92,7.93,0,0, ,3,RTR001,1, ,21530383198, , 
112,AD010,2.15304E+11,41590590,377130383C,MNG244, ,16.69,7.93,0,0, ,3,RTR001,1, ,21530383273, , 
113,AD010,2.15304E+11,41590590,377130383C,MNG244, ,17.04,9.8,0,0, ,3,RTR001,1, ,21530383201, , 
114,AD010,2.15304E+11,41590590,377130383C,MNG244, ,15.02,7.85,0,0, ,3,RTR001,1, ,21530383192, , 
115,AD010,2.15304E+11,41590590,377130383C,MNG244, ,15.21,7.86,0,0, ,3,RTR001,1, ,21530383195, , 
116,AD010,2.15304E+11,41590590,377130383C,MNG244, ,23.77,12.53,0,0, ,3,RTR001,1, ,21530383189, , 
117,AD010,2.15304E+11,41590590,377130382A,MNG244, ,24.11,20.49,0,0, ,3,RTR001,1, ,21530382216, , 
118,AD010,2.15304E+11,41590590,377130383C,MNG244, ,14.45,7.86,0,0, ,3,RTR001,1, ,21530383272, , 
119,AD010,2.15304E+11,41590590,377130383D,MNG244, ,23.25,12.39,0,0, ,5,RTR001,1, ,21530383269, , 
120,AD010,2.15304E+11,41590590,377130383D,MNG244, ,19.44,12.39,0,0, ,4,RTR001,1, ,21530383265, , 
121,AD010,2.15304E+11,41590590,377130383A,MNG244, ,23.54,3.98,0,0, ,5,RTR001,1, ,21530383279, , 
122,AD010,2.15304E+11,41590590,377130383D,MNG244, ,15.01,7.92,0,0, ,3,RTR001,1, ,21530383150, , 
123,AD010,2.15304E+11,41590590,377130383D,MNG244, ,14.49,8.01,0,0, ,3,RTR001,1, ,21530383152, , 
124,AD010,2.15304E+11,41590590,377130383D,MNG244, ,14.2,14.2,0,0, ,3,RTR001,1, ,21530383174, , 
125,AD010,2.15304E+11,41590590,377130383D,MNG244, ,16.97,9.96,0,0, ,3,RTR001,1, ,21530383179, , 
126,AD010,2.15304E+11,41590590,377130383D,MNG244, ,15.04,9.96,0,0, ,4,RTR001,1, ,21530383182, , 
127,AD010,2.15304E+11,41590590,377130384C,MNG244, ,15.51,8.02,0,0, ,4,RTR001,1, ,21530384170, , 
128,AD010,2.15308E+11,41590588,377130801B,MNG244, ,0,5.88,0,0, ,3,RTR001,1, ,21530803067, , 
129,AD010,2.15304E+11,41590588,377130391D,MNG244, ,0,5.18,0,0, ,4,RTR001,1, ,21530391029, , 
130,AD010,2.15304E+11,41590588,377130391D,MNG244, ,0,6.89,0,0, ,3,RTR001,1, ,21530391029, , 
131,AD010,2.15304E+11,41590590,377130395B,MNG244, ,15.34,7.79,0,0, ,3,RTR001,1, ,21530395572, , 
132,AD010,2.15304E+11,41590590,377130395B,MNG244, ,16.15,14.32,0,0, ,3,RTR001,1, ,21530395106, , 
133,AD010,2.15304E+11,41590590,377130395B,MNG244, ,15.91,10.09,0,0, ,4,RTR001,1, ,21530395107, , 
134,AD010,2.15304E+11,41590590,377130395B,MNG244, ,21.14,10.09,0,0, ,3,RTR001,1, ,21530395128, , 
135,AD010,2.15304E+11,41590590,377130395B,MNG244, ,10.07,14.42,0,0, ,3,RTR001,1, ,21530395103, , 
136,AD010,2.15304E+11,41590590,377130395B,MNG244, ,30.81,16.53,0,0, ,3,RTR001,1, ,21530395586, , 
137,AD010,2.15304E+11,41590590,377130396B,MNG244, ,19.84,14.53,0,0, ,3,RTR001,1, ,21530396532, , 
138,AD010,2.15304E+11,41590590,377130383D,MNG244, ,15.39,15.01,0,0, ,6,RTR001,1, ,21530383248, , 
139,AD010,2.15304E+11,41590590,377130383D,MNG244, ,15.1,13.49,0,0, ,4,RTR001,1, ,21530383255, , 
140,AD010,2.15304E+11,41590590,377130383D,MNG244, ,23.29,4.05,0,0, ,5,RTR001,1, ,21530383257, , 
141,AD010,2.15304E+11,41590590,377130383D,MNG244, ,26.83,4.05,0,0, ,6,RTR001,1, ,21530383260, , 
142,AD010,2.15304E+11,41590590,377130383D,MNG244, ,25.15,4.02,0,0, ,5,RTR001,1, ,21530383263, , 
143,AD010,2.15304E+11,41590590,377130382C,MNG244, ,36.99,12.48,0,0, ,3,RTR001,1, ,21530382580, , 
144,AD010,2.15304E+11,41590590,377130383C,MNG244, ,31.64,44.47,0,0, ,4,RTR001,1, ,21530383508, , 
145,AD010,2.15303E+11,41590590,377130290C,MNG244, ,13.77,16.42,0,0, ,3,RTR001,1, ,21530290239, , 
146,AD010,2.15303E+11,41590590,377130290D,MNG244, ,17.06,12.1,0,0, ,3,RTR001,1, ,21530290523, , 
147,AD010,2.15304E+11,41590590,377130384C,MNG244, ,20.63,7.92,0,0, ,5,RTR001,1, ,21530384251, , 
148,AD010,2.15303E+11,41590590,377130290C,MNG244, ,0,3.97,0,0, ,3,RTR001,1, ,21530290227, , 
149,AD010,2.15304E+11,41590590,377130385D,MNG244, ,29.75,16.5,0,0, ,3,RTR001,1, ,21530385140, , 
150,AD010,2.15304E+11,41590590,377130382A,MNG244, ,8.86,24.63,0,0, ,4,RTR001,1, ,21530382945, , 
151,AD010,2.15304E+11,41590590,377130396C,MNG244, ,23.4,23.4,0,0, ,4,RTR001,1, ,21530396503, , 
152,AD010,2.15304E+11,41590590,377130396B,MNG244, ,13.54,15.57,0,0, ,4,RTR001,1, ,21530396955, , 
153,AD010,2.15304E+11,41590590,377130383C,MNG244, ,23.86,20.53,0,0, ,3,RTR001,1, ,21530383510, , 
154,AD010,2.06307E+11,41590000,377130729C,MNG244, ,16.12,25,0,0, ,3,RTR001,1, ,26307280413,새한항업,2019-04-05
155,AD010,2.06307E+11,41590000,377130719A,MNG244, ,6.01,7.3,0,0, ,3,RTR001,1, ,26307190222,새한항업,2019-04-05
156,AD010,2.06307E+11,41590000,377130728C,MNG244, ,17.82,26.96,0,0, ,3,RTR001,1, ,26307280045,새한항업,2019-04-05
157,AD010,2.06307E+11,41590000,377130719A,MNG244, ,2.99,6.02,0,0, ,3,RTR001,1, ,26307290480,새한항업,2019-04-05
158,AD010,2.06307E+11,41590000,377130718D,MNG244, ,7.54,10.98,0,0, ,3,RTR001,1, ,26307180424,새한항업,2019-04-05
159,AD010,2.06307E+11,41590000,377130718D,MNG244, ,10.48,10.48,0,0, ,3,RTR001,1, ,26307180382,새한항업,2019-04-05
160,AD010,2.06307E+11,41590000,377130728C,MNG244, ,13.15,27.79,0,0, ,4,RTR001,1, ,26307270115,새한항업,2019-04-05
161,AD010,2.06307E+11,41590000,377130718B,MNG244, ,7.33,10.87,0,0, ,3,RTR001,1, ,26307180286,새한항업,2019-04-05
162,AD010,2.06307E+11,41590000,377130708B,MNG244, ,16.3,9.52,0,0, ,4,RTR001,1, ,26307080209,새한항업,2019-04-05
163,AD010,2.06303E+11,41590000,377130298D,MNG244, ,10.02,11.78,0,0, ,4,RTR001,1, ,26302980198,새한항업,2019-04-05
164,AD010,2.06307E+11,41590000,377130728C,MNG244, ,17.8,27.62,0,0, ,4,RTR001,1, ,26307280249,새한항업,2019-04-05
165,AD010,2.06307E+11,41590000,377130728A,MNG244, ,9.92,10.48,0,0, ,3,RTR001,1, ,26307280254,새한항업,2019-04-05
166,AD010,2.06307E+11,41590000,377130728A,MNG244, ,10.54,10.74,0,0, ,4,RTR001,1, ,26307280266,새한항업,2019-04-05
167,AD010,2.06307E+11,41590000,377130719C,MNG244, ,8.97,10.49,0,0, ,3,RTR001,1, ,26307190439,새한항업,2019-04-05
168,AD010,2.06307E+11,41590000,377130719A,MNG244, ,10.28,6.95,0,0, ,3,RTR001,1, ,26307190110,새한항업,2019-04-05
169,AD010,2.06307E+11,41590000,377130718B,MNG244, ,10.25,10.55,0,0, ,3,RTR001,1, ,26307180274,새한항업,2019-04-05
170,AD010,2.06307E+11,41590000,377130729B,MNG244, ,18.15,33,0,0, ,3,RTR001,1, ,26307290073,새한항업,2019-04-05
171,AD010,2.06307E+11,41590000,377130729A,MNG244, ,11.68,6.95,0,0, ,3,RTR001,1, ,26307290232,새한항업,2019-04-05
172,AD010,2.06307E+11,41590000,377130729B,MNG244, ,11.38,37.27,0,0, ,3,RTR001,1, ,26307290453,새한항업,2019-04-05
173,AD010,2.06307E+11,41590000,377130729D,MNG244, ,30.58,42.94,0,0, ,4,RTR001,1, ,26307290458,새한항업,2019-04-05
174,AD010,2.06307E+11,41590000,377130729D,MNG244, ,24.4,30.73,0,0, ,4,RTR001,1, ,26307290470,새한항업,2019-04-05
175,AD010,2.06303E+11,41590000,377130299C,MNG244, ,10.48,9.44,0,0, ,3,RTR001,1, ,26302990142,새한항업,2019-04-05
176,AD010,2.06303E+11,41590000,377130299C,MNG244, ,10.51,9.46,0,0, ,3,RTR001,1, ,26302990146,새한항업,2019-04-05
177,AD010,2.06303E+11,41590000,377130289D,MNG244, ,25.83,32.75,0,0, ,4,RTR001,1, ,26302890583,새한항업,2019-04-05
178,AD010,2.06307E+11,41590000,377130709B,MNG244, ,16.13,39.04,0,0, ,3,RTR001,1, ,26307090535,새한항업,2019-04-05
179,AD010,2.06303E+11,41590000,377130299D,MNG244, ,16.33,38.77,0,0, ,3,RTR001,1, ,26302990542,새한항업,2019-04-05
180,AD010,2.06303E+11,41590000,377130299D,MNG244, ,30.74,38.98,0,0, ,4,RTR001,1, ,26302990548,새한항업,2019-04-05
181,AD010,2.06303E+11,41590000,377130299B,MNG244, ,33.75,39.63,0,0, ,4,RTR001,1, ,26302990568,새한항업,2019-04-05
182,AD010,2.06303E+11,41590000,377130299B,MNG244, ,27.78,41.9,0,0, ,4,RTR001,1, ,26302990554,새한항업,2019-04-05
183,AD010,2.06303E+11,41590000,377130298B,MNG244, ,18.7,13.14,0,0, ,3,RTR001,1, ,26302980183,새한항업,2019-04-05
184,AD010,2.06307E+11,41590000,377130719A,MNG244, ,3.02,8.03,0,0, ,4,RTR001,1, ,26307290491,새한항업,2019-04-05
185,AD010,2.06307E+11,41590000,377130719A,MNG244, ,3.03,5.99,0,0, ,4,RTR001,1, ,26307290484,새한항업,2019-04-05
186,AD010,2.06307E+11,41590000,377130709C,MNG244, ,8.3,16.53,0,0, ,3,RTR001,1, ,26307090058,새한항업,2019-04-05
187,AD010,2.06303E+11,41590000,377130289B,MNG244, ,26.17,36.32,0,0, ,3,RTR001,1, ,26302890598,새한항업,2019-04-05
188,AD010,2.06303E+11,41590000,377130289A,MNG244, ,14,32.35,0,0, ,3,RTR001,1, ,26302890590,새한항업,2019-04-05
189,AD010,2.06307E+11,41590000,377130728D,MNG244, ,17.97,10.36,0,0, ,3,RTR001,1, ,26307280479,새한항업,2019-04-05
190,AD010,2.06307E+11,41590000,377130719B,MNG244, ,24.61,35.78,0,0, ,4,RTR001,1, ,26307190489,새한항업,2019-04-05
191,AD010,2.06307E+11,41590000,377130719D,MNG244, ,25.85,33.02,0,0, ,4,RTR001,1, ,26307190444,새한항업,2019-04-05
192,AD010,2.06307E+11,41590000,377130709B,MNG244, ,29.89,39.12,0,0, ,4,RTR001,1, ,26307090528,새한항업,2019-04-05
193,AD010,2.06307E+11,41590000,377130709D,MNG244, ,18.11,32.98,0,0, ,3,RTR001,1, ,26307090513,새한항업,2019-04-05
194,AD010,2.06307E+11,41590000,377130709D,MNG244, ,16.75,32.92,0,0, ,3,RTR001,1, ,26307090509,새한항업,2019-04-05
195,AD010,2.06307E+11,41590000,377130719B,MNG244, ,31.11,39.18,0,0, ,3,RTR001,1, ,26307190501,새한항업,2019-04-05
196,AD010,2.06307E+11,41590000,377130718B,MNG244, ,17.29,26.25,0,0, ,4,RTR001,1, ,26307180374,새한항업,2019-04-05
197,AD010,2.06307E+11,41590000,377130708D,MNG244, ,17.03,11.23,0,0, ,4,RTR001,1, ,26307080311,새한항업,2019-04-05
198,AD010,2.06307E+11,41590000,377130708D,MNG244, ,10.03,11,0,0, ,4,RTR001,1, ,26307080065,새한항업,2019-04-05
199,AD010,2.06307E+11,41590000,377130708D,MNG244, ,17.8,17.96,0,0, ,3,RTR001,1, ,26307080397,새한항업,2019-04-05
200,AD010,2.06307E+11,41590000,377130718B,MNG244, ,23.48,33.22,0,0, ,3,RTR001,1, ,26307180401,새한항업,2019-04-05
201,AD010,2.06307E+11,41590000,377130709C,MNG244, ,10,11.01,0,0, ,4,RTR001,1, ,26307090303,새한항업,2019-04-05
202,AD010,2.06307E+11,41590000,377130709A,MNG244, ,10.14,7.49,0,0, ,3,RTR001,1, ,26307090332,새한항업,2019-04-05
203,AD010,2.06307E+11,41590000,377130718D,MNG244, ,11.81,10.52,0,0, ,4,RTR001,1, ,26307180429,새한항업,2019-04-05
204,AD010,2.06307E+11,41590000,377130708B,MNG244, ,10.23,10.97,0,0, ,3,RTR001,1, ,26307080342,새한항업,2019-04-05
205,AD010,2.06303E+11,41590000,377130298D,MNG244, ,17.47,18.15,0,0, ,4,RTR001,1, ,26302980191,새한항업,2019-04-05
206,AD010,2.06303E+11,41590000,377130299C,MNG244, ,14.52,18.13,0,0, ,3,RTR001,1, ,26302990156,새한항업,2019-04-05
207,AD010,2.06303E+11,41590000,377130299A,MNG244, ,16.63,18.87,0,0, ,3,RTR001,1, ,26302990169,새한항업,2019-04-05
208,AD010,2.06307E+11,41590000,377130708D,MNG244, ,17.27,18.02,0,0, ,3,RTR001,1, ,26307080317,새한항업,2019-04-05
209,AD010,2.06307E+11,41590000,377130709A,MNG244, ,14.38,17.97,0,0, ,3,RTR001,1, ,26307090357,새한항업,2019-04-05
210,AD010,2.06307E+11,41590000,377130708B,MNG244, ,14.56,18.61,0,0, ,4,RTR001,1, ,26307080349,새한항업,2019-04-05
211,AD010,8.99916E+13,41590000,377130884C,MNG305, ,16.73,20.74,0,0, ,3,RTR001,1, ,8.99916E+13,새한항업,2019-01-05
212,AD010,8.99916E+13,41590000,377130884C,MNG305, ,17.48,20.52,0,0, ,3,RTR001,1, ,8.99916E+13,새한항업,2019-01-05
213,AD010,8.99916E+13,41590000,377130884C,MNG305, ,13.69,9.7,0,0, ,3,RTR001,1, ,8.99916E+13,새한항업,2019-01-05
214,AD010,8.99916E+13,41590000,377130894A,MNG305, ,15.89,33.74,0,0, ,3,RTR001,1, ,8.99916E+13,새한항업,2019-01-05
215,AD010,8.99916E+13,41590000,377130883D,MNG305, ,15.04,10.04,0,0, ,3,RTR001,1, ,8.99916E+13,새한항업,2019-01-05
216,AD010,8.99916E+13,41590000,377130883D,MNG305, ,17.14,20.47,0,0, ,3,RTR001,1, ,8.99916E+13,새한항업,2019-01-05
217,AD010,8.99916E+13,41590000,377130883D,MNG305, ,17.1,11.15,0,0, ,3,RTR001,1, ,8.99916E+13,새한항업,2019-01-05
218,AD010,8.99916E+13,41590000,377130883D,MNG305, ,15.11,8.02,0,0, ,3,RTR001,1, ,8.99916E+13,새한항업,2019-01-05
219,AD010,8.99916E+13,41590000,377130883D,MNG305, ,15.14,9.86,0,0, ,3,RTR001,1, ,8.99916E+13,새한항업,2019-01-05
220,AD010,8.99916E+13,41590000,377130883D,MNG305, ,15.14,12.48,0,0, ,3,RTR001,1, ,8.99916E+13,새한항업,2019-01-05
221,AD010,8.99916E+13,41590000,377130883D,MNG305, ,21.16,20.51,0,0, ,3,RTR001,1, ,8.99916E+13,새한항업,2019-01-05
222,AD010,8.99916E+13,41590000,377130883C,MNG305, ,34.61,24.03,0,0, ,4,RTR001,1, ,8.99916E+13,새한항업,2019-01-05
223,AD010,8.99916E+13,41590000,377130883C,MNG305, ,37.94,31.69,0,0, ,3,RTR001,1, ,8.99916E+13,새한항업,2019-01-05
224,AD010,8.99916E+13,41590000,377130883C,MNG305, ,22.84,20.5,0,0, ,3,RTR001,1, ,8.99916E+13,새한항업,2019-01-05
225,AD010,8.99916E+13,41590000,377130882C,MNG305, ,35.6,36.43,0,0, ,3,RTR001,1, ,8.99916E+13,새한항업,2019-01-05
226,AD010,8.99916E+13,41590000,377130882A,MNG305, ,15.72,20.94,0,0, ,4,RTR001,1, ,8.99916E+13,새한항업,2019-01-05
227,AD010,8.99916E+13,41590000,377130882B,MNG305, ,18.15,9.62,0,0, ,3,RTR001,1, ,8.99916E+13,새한항업,2019-01-05
228,AD010,8.99916E+13,41590000,377130882D,MNG305, ,18.21,10.47,0,0, ,3,RTR001,1, ,8.99916E+13,새한항업,2019-01-05
229,AD010,8.99916E+13,41590000,377130882D,MNG305, ,17.71,8.72,0,0, ,3,RTR001,1, ,8.99916E+13,새한항업,2019-01-05
230,AD010,8.99916E+13,41590000,377130882D,MNG305, ,17.12,17.12,0,0, ,4,RTR001,1, ,8.99916E+13,새한항업,2019-01-05
231,AD010,8.99916E+13,41590000,377130882D,MNG305, ,16.93,20.2,0,0, ,3,RTR001,1, ,8.99916E+13,새한항업,2019-01-05
232,AD010,8.99916E+13,41590000,377130883C,MNG305, ,20.87,20.52,0,0, ,3,RTR001,1, ,8.99916E+13,새한항업,2019-01-05
233,AD010,8.99916E+13,41590000,377130882D,MNG305, ,15.31,10.03,0,0, ,3,RTR001,1, ,8.99916E+13,새한항업,2019-01-05
234,AD010,8.99916E+13,41590000,377130882D,MNG305, ,14.66,7.68,0,0, ,3,RTR001,1, ,8.99916E+13,새한항업,2019-01-05
235,AD010,8.99916E+13,41590000,377130882B,MNG305, ,17.23,8.37,0,0, ,3,RTR001,1, ,8.99916E+13,새한항업,2019-01-05
236,AD010,8.99916E+13,41590000,377130882B,MNG305, ,15.13,10.07,0,0, ,3,RTR001,1, ,8.99916E+13,새한항업,2019-01-05
237,AD010,8.99916E+13,41590000,377130882B,MNG305, ,34.47,20.52,0,0, ,4,RTR001,1, ,8.99916E+13,새한항업,2019-01-05
238,AD010,8.99916E+13,41590000,377130872D,MNG305, ,37.24,24.66,0,0, ,4,RTR001,1, ,8.99916E+13,새한항업,2019-01-05
239,AD010,8.99916E+13,41590000,377130873C,MNG305, ,27.76,23.88,0,0, ,4,RTR001,1, ,8.99916E+13,새한항업,2019-01-05
240,AD010,8.99916E+13,41590000,377130874C,MNG305, ,35.75,27.1,0,0, ,3,RTR001,1, ,8.99916E+13,새한항업,2019-01-05
241,AD010,8.99916E+13,41590000,377130874D,MNG305, ,14.94,24.02,0,0, ,3,RTR001,1, ,8.99916E+13,새한항업,2019-01-05
242,AD010,8.99916E+13,41590000,377130875C,MNG305, ,21.23,24.59,0,0, ,3,RTR001,1, ,8.99916E+13,새한항업,2019-01-05
243,AD010,8.99916E+13,41590000,377130885A,MNG305, ,31.12,23.6,0,0, ,3,RTR001,1, ,8.99916E+13,새한항업,2019-01-05
244,AD010,8.99916E+13,41590000,377130874D,MNG305, ,13.84,9.65,0,0, ,3,RTR001,1, ,8.99916E+13,새한항업,2019-01-05
245,AD010,8.99916E+13,41590000,377130874D,MNG305, ,17.32,9.99,0,0, ,3,RTR001,1, ,8.99916E+13,새한항업,2019-01-05
246,AD010,8.99916E+13,41590000,377130875C,MNG305, ,17.68,9.99,0,0, ,3,RTR001,1, ,8.99916E+13,새한항업,2019-01-05
247,AD010,8.99916E+13,41590000,377130874D,MNG305, ,16.34,23.84,0,0, ,3,RTR001,1, ,8.99916E+13,새한항업,2019-01-05
248,AD010,8.99916E+13,41590000,377130874D,MNG305, ,15.26,7.94,0,0, ,3,RTR001,1, ,8.99916E+13,새한항업,2019-01-05
249,AD010,8.99916E+13,41590000,377130874D,MNG305, ,17.03,7.99,0,0, ,3,RTR001,1, ,8.99916E+13,새한항업,2019-01-05
250,AD010,8.99916E+13,41590000,377130874D,MNG305, ,15.2,8.03,0,0, ,3,RTR001,1, ,8.99916E+13,새한항업,2019-01-05
251,AD010,8.99916E+13,41590000,377130874C,MNG305, ,15.24,7.1,0,0, ,3,RTR001,1, ,8.99916E+13,새한항업,2019-01-05
252,AD010,8.99916E+13,41590000,377130874C,MNG305, ,15.32,10.01,0,0, ,3,RTR001,1, ,8.99916E+13,새한항업,2019-01-05
253,AD010,8.99916E+13,41590000,377130874C,MNG305, ,15.24,8.01,0,0, ,3,RTR001,1, ,8.99916E+13,새한항업,2019-01-05
254,AD010,8.99916E+13,41590000,377130874D,MNG305, ,14.87,7.9,0,0, ,3,RTR001,1, ,8.99916E+13,새한항업,2019-01-05
255,AD010,8.99916E+13,41590000,377130874C,MNG305, ,15.02,7.96,0,0, ,3,RTR001,1, ,8.99916E+13,새한항업,2019-01-05
256,AD010,8.99916E+13,41590000,377130874C,MNG305, ,15.3,8.02,0,0, ,3,RTR001,1, ,8.99916E+13,새한항업,2019-01-05
257,AD010,8.99916E+13,41590000,377130874C,MNG305, ,14.9,7.98,0,0, ,3,RTR001,1, ,8.99916E+13,새한항업,2019-01-05
258,AD010,8.99916E+13,41590000,377130874C,MNG305, ,15.09,7.93,0,0, ,3,RTR001,1, ,8.99916E+13,새한항업,2019-01-05
259,AD010,8.99916E+13,41590000,377130874C,MNG305, ,15.56,8.18,0,0, ,3,RTR001,1, ,8.99916E+13,새한항업,2019-01-05
260,AD010,8.99916E+13,41590000,377130874C,MNG305, ,15.18,20.52,0,0, ,3,RTR001,1, ,8.99916E+13,새한항업,2019-01-05
261,AD010,8.99916E+13,41590000,377130874C,MNG305, ,15.11,20.63,0,0, ,4,RTR001,1, ,8.99916E+13,새한항업,2019-01-05
262,AD010,8.99916E+13,41590000,377130874C,MNG305, ,17.14,20.59,0,0, ,4,RTR001,1, ,8.99916E+13,새한항업,2019-01-05
263,AD010,8.99916E+13,41590000,377130874C,MNG305, ,24.19,23.8,0,0, ,4,RTR001,1, ,8.99916E+13,새한항업,2019-01-05
264,AD010,8.99916E+13,41590000,377130874C,MNG305, ,15.18,10.02,0,0, ,3,RTR001,1, ,8.99916E+13,새한항업,2019-01-05
265,AD010,8.99916E+13,41590000,377130874C,MNG305, ,15.34,7.96,0,0, ,3,RTR001,1, ,8.99916E+13,새한항업,2019-01-05
266,AD010,8.99916E+13,41590000,377130874C,MNG305, ,15.41,9.99,0,0, ,3,RTR001,1, ,8.99916E+13,새한항업,2019-01-05
267,AD010,8.99916E+13,41590000,377130884A,MNG305, ,15.19,9.94,0,0, ,3,RTR001,1, ,8.99916E+13,새한항업,2019-01-05
268,AD010,8.99916E+13,41590000,377130874C,MNG305, ,14.64,6.9,0,0, ,3,RTR001,1, ,8.99916E+13,새한항업,2019-01-05
269,AD010,8.99916E+13,41590000,377130884A,MNG305, ,18.3,24.15,0,0, ,3,RTR001,1, ,8.99916E+13,새한항업,2019-01-05
270,AD010,8.99916E+13,41590000,377130874D,MNG305, ,13.79,23.94,0,0, ,3,RTR001,1, ,8.99916E+13,새한항업,2019-01-05
271,AD010,8.99916E+13,41590000,377130873C,MNG305, ,18.13,24.28,0,0, ,4,RTR001,1, ,8.99916E+13,새한항업,2019-01-05
272,AD010,8.99916E+13,41590000,377130882B,MNG305, ,16.66,9.66,0,0, ,3,RTR001,1, ,8.99916E+13,새한항업,2019-01-05
273,AD010,8.99916E+13,41590000,377130882B,MNG305, ,19.2,23.77,0,0, ,3,RTR001,1, ,8.99916E+13,새한항업,2019-01-05
274,AD010,8.99916E+13,41590000,377130883C,MNG305, ,14.98,7.06,0,0, ,3,RTR001,1, ,8.99916E+13,새한항업,2019-01-05
275,AD010,8.99916E+13,41590000,377130884A,MNG305, ,19.36,24.1,0,0, ,3,RTR001,1, ,8.99916E+13,새한항업,2019-01-05
276,AD010,8.99916E+13,41590000,377130883B,MNG305, ,34.95,24.11,0,0, ,3,RTR001,1, ,8.99916E+13,새한항업,2019-01-05
277,AD010,8.99916E+13,41590000,377130883B,MNG305, ,17.45,24.05,0,0, ,3,RTR001,1, ,8.99916E+13,새한항업,2019-01-05
278,AD010,8.99916E+13,41590000,377130883B,MNG305, ,17.08,9.88,0,0, ,3,RTR001,1, ,8.99916E+13,새한항업,2019-01-05
279,AD010,8.99916E+13,41590000,377130883B,MNG305, ,17.1,10.01,0,0, ,3,RTR001,1, ,8.99916E+13,새한항업,2019-01-05
280,AD010,8.99916E+13,41590000,377130883B,MNG305, ,14.92,10.03,0,0, ,3,RTR001,1, ,8.99916E+13,새한항업,2019-01-05
281,AD010,8.99916E+13,41590000,377130883B,MNG305, ,15.13,9.96,0,0, ,3,RTR001,1, ,8.99916E+13,새한항업,2019-01-05
282,AD010,8.99916E+13,41590000,377130884A,MNG305, ,17.11,10,0,0, ,3,RTR001,1, ,8.99916E+13,새한항업,2019-01-05
283,AD010,8.99916E+13,41590000,377130884A,MNG305, ,17.01,10,0,0, ,3,RTR001,1, ,8.99916E+13,새한항업,2019-01-05
284,AD010,8.99916E+13,41590000,377130884A,MNG305, ,14.88,9.92,0,0, ,3,RTR001,1, ,8.99916E+13,새한항업,2019-01-05
285,AD010,8.99916E+13,41590000,377130883D,MNG305, ,30.4,27.72,0,0, ,3,RTR001,1, ,8.99916E+13,새한항업,2019-01-05
286,AD010,8.99916E+13,41590000,377130885A,MNG305, ,16.55,10.02,0,0, ,3,RTR001,1, ,8.99916E+13,새한항업,2019-01-05
287,AD010,8.99916E+13,41590000,377130200C,MNG305, ,26.75,14.37,0,0, ,3,RTR001,1, ,8.99916E+13,새한항업,2019-01-05
288,AD010,8.99916E+13,41590000,377130710A,MNG305, ,51.25,24,0,0, ,3,RTR001,1, ,8.99916E+13,새한항업,2019-01-05
289,AD010,8.99916E+13,41590000,377130710C,MNG305, ,34.2,23.95,0,0, ,3,RTR001,1, ,8.99916E+13,새한항업,2019-01-05
290,AD010,8.99916E+13,41590000,377130720A,MNG305, ,56.55,25.58,0,0, ,3,RTR001,1, ,8.99916E+13,새한항업,2019-01-05
291,AD010,8.99916E+13,41590000,377130720C,MNG305, ,20.49,24.06,0,0, ,3,RTR001,1, ,8.99916E+13,새한항업,2019-01-05
292,AD010,8.99916E+13,41590000,377130720C,MNG305, ,20.49,11.97,0,0, ,3,RTR001,1, ,8.99916E+13,새한항업,2019-01-05
293,AD010,8.99916E+13,41590000,377130720D,MNG305, ,20.57,12.04,0,0, ,3,RTR001,1, ,8.99916E+13,새한항업,2019-01-05
294,AD010,8.99916E+13,41590000,377130720D,MNG305, ,22.1,48.51,0,0, ,3,RTR001,1, ,8.99916E+13,새한항업,2019-01-05
295,AD010,8.99916E+13,41590000,377130730A,MNG305, ,39.92,18.1,0,0, ,3,RTR001,1, ,8.99916E+13,새한항업,2019-01-05
296,AD010,8.99916E+13,41590000,377130730B,MNG305, ,20.57,28.91,0,0, ,3,RTR001,1, ,8.99916E+13,새한항업,2019-01-05
297,AD010,8.99916E+13,41590000,377130730B,MNG305, ,40.68,48.45,0,0, ,3,RTR001,1, ,8.99916E+13,새한항업,2019-01-05
298,AD010,8.99916E+13,41590000,377130730B,MNG305, ,25.52,48.34,0,0, ,3,RTR001,1, ,8.99916E+13,새한항업,2019-01-05
299,AD010,8.99916E+13,41590000,377130730A,MNG305, ,19.31,14.73,0,0, ,3,RTR001,1, ,8.99916E+13,새한항업,2019-01-05
300,AD010,8.99916E+13,41590000,377130730D,MNG305, ,33.66,42.15,0,0, ,3,RTR001,1, ,8.99916E+13,새한항업,2019-01-05
301,AD010,8.99916E+13,41590000,377130821C,MNG305, ,98.44,55.8,0,0, ,4,RTR001,1, ,8.99916E+13,새한항업,2019-01-05
302,AD010,8.99916E+13,41590000,377130730D,MNG305, ,33.02,20.52,0,0, ,3,RTR001,1, ,8.99916E+13,새한항업,2019-01-05
303,AD010,8.99916E+13,41590000,377130821C,MNG305, ,28.2,35.87,0,0, ,3,RTR001,1, ,8.99916E+13,새한항업,2019-01-05
304,AD010,8.99916E+13,41590000,377130821D,MNG305, ,25.69,32.53,0,0, ,3,RTR001,1, ,8.99916E+13,새한항업,2019-01-05
305,AD010,8.99916E+13,41590000,377130831B,MNG305, ,24.54,32.5,0,0, ,3,RTR001,1, ,8.99916E+13,새한항업,2019-01-05
306,AD010,8.99916E+13,41590000,377130832A,MNG305, ,34.82,32.29,0,0, ,3,RTR001,1, ,8.99916E+13,새한항업,2019-01-05
307,AD010,8.99916E+13,41590000,377130832B,MNG305, ,23.26,32.5,0,0, ,4,RTR001,1, ,8.99916E+13,새한항업,2019-01-05
308,AD010,8.99916E+13,41590000,377130832B,MNG305, ,35.27,32.61,0,0, ,3,RTR001,1, ,8.99916E+13,새한항업,2019-01-05
309,AD010,8.99916E+13,41590000,377130833A,MNG305, ,26.13,36.88,0,0, ,3,RTR001,1, ,8.99916E+13,새한항업,2019-01-05
310,AD010,8.99916E+13,41590000,377130833A,MNG305, ,26.12,32.47,0,0, ,3,RTR001,1, ,8.99916E+13,새한항업,2019-01-05
311,AD010,8.99916E+13,41590000,377130832B,MNG305, ,21.83,20.54,0,0, ,3,RTR001,1, ,8.99916E+13,새한항업,2019-01-05
312,AD010,8.99916E+13,41590000,377130832A,MNG305, ,19.74,12.6,0,0, ,3,RTR001,1, ,8.99916E+13,새한항업,2019-01-05
313,AD010,8.99916E+13,41590000,377130832A,MNG305, ,29.49,11.99,0,0, ,3,RTR001,1, ,8.99916E+13,새한항업,2019-01-05
314,AD010,8.99916E+13,41590000,377130832A,MNG305, ,29.07,17.1,0,0, ,3,RTR001,1, ,8.99916E+13,새한항업,2019-01-05
315,AD010,8.99916E+13,41590000,377130831B,MNG305, ,17.93,7.97,0,0, ,3,RTR001,1, ,8.99916E+13,새한항업,2019-01-05
316,AD010,8.99916E+13,41590000,377130831B,MNG305, ,16.93,8.03,0,0, ,3,RTR001,1, ,8.99916E+13,새한항업,2019-01-05
317,AD010,8.99916E+13,41590000,377130831A,MNG305, ,38.4,49.77,0,0, ,4,RTR001,1, ,8.99916E+13,새한항업,2019-01-05
318,AD010,8.99916E+13,41590000,377130821C,MNG305, ,22.01,7.66,0,0, ,4,RTR001,1, ,8.99916E+13,새한항업,2019-01-05
319,AD010,8.99916E+13,41590000,377130831B,MNG305, ,27.27,9.62,0,0, ,4,RTR001,1, ,8.99916E+13,새한항업,2019-01-05
320,AD010,8.99916E+13,41590000,377130831B,MNG305, ,17.17,7.95,0,0, ,3,RTR001,1, ,8.99916E+13,새한항업,2019-01-05
321,AD010,8.99916E+13,41590000,377130740B,MNG305, ,20.83,35.2,0,0, ,4,RTR001,1, ,8.99916E+13,새한항업,2019-01-05
322,AD010,8.99916E+13,41590000,377130821D,MNG305, ,17.49,8,0,0, ,4,RTR001,1, ,8.99916E+13,새한항업,2019-01-05
323,AD010,8.99916E+13,41590000,377130831B,MNG305, ,17.03,8,0,0, ,4,RTR001,1, ,8.99916E+13,새한항업,2019-01-05
324,AD010,8.99916E+13,41590000,377130821C,MNG305, ,7.89,19.22,0,0, ,3,RTR001,1, ,8.99916E+13,새한항업,2019-01-05
325,AD010,8.99916E+13,41590000,377130831A,MNG305, ,7.55,27.6,0,0, ,3,RTR001,1, ,8.99916E+13,새한항업,2019-01-05
326,AD010,8.99916E+13,41590000,377130832D,MNG305, ,35.6,23.17,0,0, ,3,RTR001,1, ,8.99916E+13,새한항업,2019-01-05
327,AD010,8.99916E+13,41590000,377130843A,MNG305, ,14.67,20.47,0,0, ,3,RTR001,1, ,8.99916E+13,새한항업,2019-01-05
328,AD010,8.99916E+13,41590000,377130843A,MNG305, ,12.03,7.87,0,0, ,3,RTR001,1, ,8.99916E+13,새한항업,2019-01-05
329,AD010,8.99916E+13,41590000,377130831C,MNG305, ,47.4,31.32,0,0, ,3,RTR001,1, ,8.99916E+13,새한항업,2019-01-05
330,AD010,8.99916E+13,41590000,377130831D,MNG305, ,34.74,49.43,0,0, ,4,RTR001,1, ,8.99916E+13,새한항업,2019-01-05
331,AD010,8.99916E+13,41590000,377130843B,MNG305, ,15.03,8,0,0, ,3,RTR001,1, ,8.99916E+13,새한항업,2019-01-05
332,AD010,8.99916E+13,41590000,377130843B,MNG305, ,17.2,7.99,0,0, ,3,RTR001,1, ,8.99916E+13,새한항업,2019-01-05
333,AD010,8.99916E+13,41590000,377130843B,MNG305, ,17.12,8.95,0,0, ,3,RTR001,1, ,8.99916E+13,새한항업,2019-01-05
334,AD010,8.99916E+13,41590000,377130843B,MNG305, ,11.46,11.3,0,0, ,3,RTR001,1, ,8.99916E+13,새한항업,2019-01-05
335,AD010,8.99916E+13,41590000,377130843D,MNG305, ,15.19,9.96,0,0, ,3,RTR001,1, ,8.99916E+13,새한항업,2019-01-05
336,AD010,8.99916E+13,41590000,377130843D,MNG305, ,16.9,6.98,0,0, ,3,RTR001,1, ,8.99916E+13,새한항업,2019-01-05
337,AD010,8.99916E+13,41590000,377130843D,MNG305, ,14.4,13.5,0,0, ,3,RTR001,1, ,8.99916E+13,새한항업,2019-01-05
338,AD010,8.99916E+13,41590000,377130843D,MNG305, ,17.02,12.53,0,0, ,3,RTR001,1, ,8.99916E+13,새한항업,2019-01-05
339,AD010,8.99916E+13,41590000,377130843D,MNG305, ,14.96,12.56,0,0, ,3,RTR001,1, ,8.99916E+13,새한항업,2019-01-05
340,AD010,8.99916E+13,41590000,377130843D,MNG305, ,20.21,9.65,0,0, ,3,RTR001,1, ,8.99916E+13,새한항업,2019-01-05
341,AD010,8.99916E+13,41590000,377130843B,MNG305, ,10.06,15.25,0,0, ,4,RTR001,1, ,8.99916E+13,새한항업,2019-01-05
342,AD010,8.99916E+13,41590000,377130843B,MNG305, ,9.97,17.58,0,0, ,4,RTR001,1, ,8.99916E+13,새한항업,2019-01-05
343,AD010,8.99916E+13,41590000,377130843B,MNG305, ,10.04,17.13,0,0, ,4,RTR001,1, ,8.99916E+13,새한항업,2019-01-05
344,AD010,8.99916E+13,41590000,377130843C,MNG305, ,17.66,9.16,0,0, ,3,RTR001,1, ,8.99916E+13,새한항업,2019-01-05
345,AD010,8.99916E+13,41590000,377130843C,MNG305, ,15.06,8.09,0,0, ,3,RTR001,1, ,8.99916E+13,새한항업,2019-01-05
346,AD010,8.99916E+13,41590000,377130843C,MNG305, ,15.01,9.99,0,0, ,3,RTR001,1, ,8.99916E+13,새한항업,2019-01-05
347,AD010,8.99916E+13,41590000,377130843D,MNG305, ,20.25,12.53,0,0, ,3,RTR001,1, ,8.99916E+13,새한항업,2019-01-05
348,AD010,8.99916E+13,41590000,377130853B,MNG305, ,19.97,10.97,0,0, ,3,RTR001,1, ,8.99916E+13,새한항업,2019-01-05
349,AD010,8.99916E+13,41590000,377130853B,MNG305, ,16.99,12.06,0,0, ,3,RTR001,1, ,8.99916E+13,새한항업,2019-01-05
350,AD010,8.99916E+13,41590000,377130853B,MNG305, ,11.53,12.04,0,0, ,3,RTR001,1, ,8.99916E+13,새한항업,2019-01-05
351,AD010,8.99916E+13,41590000,377130853B,MNG305, ,18.4,12.05,0,0, ,3,RTR001,1, ,8.99916E+13,새한항업,2019-01-05
352,AD010,8.99916E+13,41590000,377130853B,MNG305, ,19.29,9.97,0,0, ,3,RTR001,1, ,8.99916E+13,새한항업,2019-01-05
353,AD010,8.99916E+13,41590000,377130853B,MNG305, ,17.02,10.06,0,0, ,3,RTR001,1, ,8.99916E+13,새한항업,2019-01-05
354,AD010,8.99916E+13,41590000,377130853B,MNG305, ,17.06,20.04,0,0, ,3,RTR001,1, ,8.99916E+13,새한항업,2019-01-05
355,AD010,8.99916E+13,41590000,377130853B,MNG305, ,17.1,20.02,0,0, ,3,RTR001,1, ,8.99916E+13,새한항업,2019-01-05
356,AD010,8.99916E+13,41590000,377130853B,MNG305, ,18.21,20.03,0,0, ,3,RTR001,1, ,8.99916E+13,새한항업,2019-01-05
357,AD010,8.99916E+13,41590000,377130853B,MNG305, ,17.06,10,0,0, ,3,RTR001,1, ,8.99916E+13,새한항업,2019-01-05
358,AD010,8.99916E+13,41590000,377130853B,MNG305, ,27.05,9.96,0,0, ,3,RTR001,1, ,8.99916E+13,새한항업,2019-01-05
359,AD010,8.99916E+13,41590000,377130853B,MNG305, ,16.98,10.04,0,0, ,3,RTR001,1, ,8.99916E+13,새한항업,2019-01-05
360,AD010,8.99916E+13,41590000,377130853B,MNG305, ,27.27,9.9,0,0, ,3,RTR001,1, ,8.99916E+13,새한항업,2019-01-05
361,AD010,8.99916E+13,41590000,377130843C,MNG305, ,25.71,24.07,0,0, ,4,RTR001,1, ,8.99916E+13,새한항업,2019-01-05
362,AD010,8.99916E+13,41590000,377130843D,MNG305, ,20.88,24.03,0,0, ,4,RTR001,1, ,8.99916E+13,새한항업,2019-01-05
363,AD010,8.99916E+13,41590000,377130842C,MNG305, ,36.55,50.49,0,0, ,4,RTR001,1, ,8.99916E+13,새한항업,2019-01-05
364,AD010,8.99916E+13,41590000,377130842D,MNG305, ,21.13,23.92,0,0, ,3,RTR001,1, ,8.99916E+13,새한항업,2019-01-05
365,AD010,8.99916E+13,41590000,377130842C,MNG305, ,22.19,54.99,0,0, ,3,RTR001,1, ,8.99916E+13,새한항업,2019-01-05
366,AD010,8.99916E+13,41590000,377130841C,MNG305, ,34.56,20.49,0,0, ,4,RTR001,1, ,8.99916E+13,새한항업,2019-01-05
367,AD010,8.99916E+13,41590000,377130841C,MNG305, ,17.5,23.03,0,0, ,4,RTR001,1, ,8.99916E+13,새한항업,2019-01-05
368,AD010,8.99916E+13,41590000,377130750D,MNG305, ,14.54,22.92,0,0, ,4,RTR001,1, ,8.99916E+13,새한항업,2019-01-05
369,AD010,8.99916E+13,41590000,377130760B,MNG305, ,23.08,14.52,0,0, ,3,RTR001,1, ,8.99916E+13,새한항업,2019-01-05
370,AD010,8.99916E+13,41590000,377130851A,MNG305, ,23.04,14.51,0,0, ,3,RTR001,1, ,8.99916E+13,새한항업,2019-01-05
371,AD010,8.99916E+13,41590000,377130760B,MNG305, ,15.01,14.56,0,0, ,3,RTR001,1, ,8.99916E+13,새한항업,2019-01-05
372,AD010,8.99916E+13,41590000,377130760A,MNG305, ,22.61,12,0,0, ,3,RTR001,1, ,8.99916E+13,새한항업,2019-01-05
373,AD010,8.99916E+13,41590000,377130720A,MNG305, ,27.59,42.43,0,0, ,4,RTR001,1, ,8.99916E+13,새한항업,2019-01-05
374,AD010,8.99916E+13,41590000,377130730A,MNG305, ,14.8,17.46,0,0, ,3,RTR001,1, ,8.99916E+13,새한항업,2019-01-05
375,AD010,8.99916E+13,41590000,377130730D,MNG305, ,19.3,43.23,0,0, ,4,RTR001,1, ,8.99916E+13,새한항업,2019-01-05
