연번,구분,국가유산명,지정번호,위 치,소유자,문화재 지정일
1,국가지정문화재,용주사 동종,국보제120호,경기도 화성시 병점구 용주로 136,용 주 사,1964-03-30
2,국가지정문화재,화성 봉림사 목조아미타여래좌상,보물제980호,경기도 화성시 만세구 남양읍 주석로80번길 139,봉 림 사,1989-04-10
3,국가지정문화재,봉림사 목조아미타불좌상 복장전적 일괄,보물제1095호,경기도 화성시 병점구 용주로 136,봉 림 사,1991-09-30
4,국가지정문화재,불설대보부모은중경판,보물제1754호,경기도 화성시 병점구 용주로 136,용 주 사,2012-02-22
5,국가지정문화재,안성 청원사 건칠아미타여래좌상 복장전적,보물제1795호,경기도 화성시 병점구 용주로 136,용 주 사,2012-12-27
6,국가지정문화재,화성 용주사 대웅보전,보물제1942호,경기도 화성시 병점구 용주로 136,용 주 사,2017-08-14
7,국가지정문화재,화성 융릉과 건릉,사적제206호,경기도 화성시 효행로 481번길 21-1,국가유산청,1970-05-26
8,국가지정문화재,화성 당성,사적제217호,경기도 화성시 만세구 서신면 상안리 산 32일원,국가유산청,1971-04-15
9,국가지정문화재,"화성 제암리3,1운동순국 유적",사적제299호,경기도 화성시 만세구 향남읍 제암길 50 일원,화 성 시,1982-12-21
10,국가지정문화재,화성 마하리 고분군,사적제451호,경기도 화성시 효행구 봉담읍 마하리 산40번지 일원,화 성 시,2003-08-29
11,국가지정문화재,화성 고정리 공룡알화석 산지,천연기념물제414호,경기도 화성시 만세구 송산면공룡로 659 일원,화 성 시,2000-03-21
12,국가지정문화재,화성 전곡리 물푸레나무,천연기념물제470호,경기도 화성시 만세구 서신면 전곡리 149-2,화 성 시,2006-04-04
13,국가지정문화재,화성 융릉 개비자나무,천연기념물제504호,경기도 화성시 효행로481번길 21 융릉재실 내,국가유산청,2009-09-16
14,국가지정문화재,화성 뿔공룡 (코리아케라톱스 화성엔시스) 골격 화석,천연기념물제571호,경기도 화성시 만세구 송산면 공룡로 659,화성시,2022-10-07
15,국가지정문화재,화성 정시영 고택,민속문화재제124호,경기도 화성시 만세구 서신면 오얏리길 44-12,정00,1984-01-14
16,국가지정문화재,화성 정수영 고택,민속문화재제125호,경기도 화성시 만세구 서신면 오얏리길 56,화 성 시,1984-01-14
17,도지정문화재,금동향로,유형문화유산 제11호,경기도 화성시 병점구 용주로 136,용주사,1972-05-04
18,도지정문화재,청동향로,유형문화유산 제12호,경기도 화성시 병점구 용주로 136,용주사,1972-05-04
19,도지정문화재,용주사 ,유형문화유산 제13호,경기도 화성시 병점구 용주로 136,용주사,1972-05-04
20,도지정문화재,전적수사본,유형문화유산 제14호,경기도 화성시 병점구 용주로 136,용주사,1972-05-04
21,도지정문화재,용주사 병풍,유형문화유산 제15호,경기도 화성시 병점구 용주로 136,용주사,1972-05-04
22,도지정문화재,용주사 대웅전 후불탱화,유형문화유산 제16호,경기도 화성시 병점구 용주로 136,용주사,1972-05-04
23,도지정문화재,윤계선생순절비,유형문화유산 제85호,경기도 화성시 만세구 남양읍 남양리 1390-1 일원,화성시,1979-09-03
24,도지정문화재,계갑일록 및 관련문서,유형문화유산 제187호,경기도 화성시 만세구 향남읍 행정동로 96 ,우광성/,2003-04-25
25,도지정문화재,화성 용주사 오층석탑,유형문화유산 제212호,경기도 화성시 병점구 용주로 136,용주사,2009-03-10
26,도지정문화재,화성 용주사 대웅보전 목조삼세불좌상,유형문화유산 제214호,경기도 화성시 병점구 용주로 136,용주사,2009-03-10
27,도지정문화재,화성 용주사 목조감실,유형문화유산 제222호,경기도 화성시 병점구 용주로 136,용주사,2009-05-21
28,도지정문화재,화성 용주사 지장전 목조지장보살좌상과 시왕상 일괄,유형문화유산 제223호,경기도 화성시 병점구 용주로 136,용주사,2009-05-21
29,도지정문화재,화성 용주사 삼장보살도,유형문화유산 제225호,경기도 화성시 병점구 용주로 136,용주사,2009-06-24
30,도지정문화재,화성 용주사중 종,유형문화유산 제226호,경기도 화성시 병점구 용주로 136,용주사,2009-06-24
31,도지정문화재,화성 용주사 남무대성인로왕보살번,유형문화유산 제237호,경기도 화성시 병점구 용주로 136,용주사,2010-03-23
32,도지정문화재,백자청화정부인 영광정씨 묘지 및 지석함,유형문화유산 제264호,경기도 화성시 만세구 향남읍 토화길 70-1,송헌국가유산단,2011-10-04
33,도지정문화재,고령신씨 북백공파 고문서 85건,유형문화유산 제265호,경기도 화성시 만세구 향남읍 토화길 70-1,송헌국가유산단,2011-10-04
34,도지정문화재,화성 용주사 전답양안 2건,유형문화유산 제269호,경기도 화성시 병점구 용주로 136,용주사,2012-03-26
35,도지정문화재,화성 홍법사 묘법연화경,유형문화유산 제360호,경기도 화성시 만세구 서신면 홍법사길 160(홍법사),홍법사,2019-12-18
36,도지정문화재,송곡 조복양 관련 고문서,유형문화유산 제361호,경기도 화성시 만세구 향남읍 행정동로 96 (화성시역사박물관),화성시,2020-05-08
37,도지정문화재,우하영 응지상소에 대한 정조 비답,유형문화유산 제387호,경기도 화성시 만세구 향남읍 행정동로 96 (화성시역사박물관),화성시/우철희,2022-08-25
38,도지정문화재,영조 어필 및 홍이원어전제진시권,유형문화유산 제388호,경기도 화성시 만세구 향남읍 행정동로 96 (화성시역사박물관),남양홍씨 남창군파 종회/화성시,2022-08-25
39,도지정문화재,윤씨 자기록 (윤시자기록),유형문화유산 제389호,경기도 화성시 만세구 향남읍 행정동로 96 (화성시역사박물관),화성시,2022-08-25
40,도지정문화재,화성 만의사 지장시왕도 (華城 萬義寺 地藏十王圖),유형문화유산 제401호,경기도 화성시 동탄구 풀무골로 219,만의사,2023-08-22
41,도지정문화재,화성 만의사 목조석가여래좌상 및 복장전적 (華城 萬儀寺 木造釋迦如來三佛坐像 및 腹藏典籍),유형문화유산 제409호,경기도 화성시 동탄구 풀무골로 219,만의사,2024-04-30
42,도지정문화재,남이장군묘,기념물제13호,경기도 화성시 효행구 비봉면 남전리 산145 일원,의령남씨종중,1973-07-10
43,도지정문화재,백천장 선생묘,기념물제86호,경기도 화성시 효행구 기안동 144,수원백씨종중,1985-09-20
44,도지정문화재,수원고읍성,기념물제93호,경기도 화성시 효행구 기안동 460-120 일원,화성시,1986-09-07
45,도지정문화재,화성 남양리 신빈김씨 묘역,기념물제153호 ,경기도 화성시 만세구 남양읍 남양리 산 131-7 일원,전주이씨 세종왕자 육군파,1994-12-24
46,도지정문화재,만년제,기념물제161호 ,경기도 화성시 병점구 안녕동 152,화성시,1996-07-29
47,도지정문화재,화성 홍법리 남양홍씨 묘역,기념물제168호,경기도 화성시 만세구 서신면 홍법사길 12번길 34 일원,남양홍씨,1999-04-23
48,도지정문화재,화성 화량진성,기념물제224호,경기도 화성시 만세구 송산면 지화리 산 90 일원,이성원,2016-05-30
49,도지정문화재,정원채 고가,민속문화재제6호 ,경기도 화성시 만세구 남양읍 송림로92번길 13 ,정찬홍,1985-06-28
50,도지정문화재,남양향교,문화재자료제34호,경기도 화성시 만세구 남양읍 글판동길 15번지 18-3,경기도향교재단,1983-09-19
51,도지정문화재,용주사 천보루,문화재자료제36호,경기도 화성시 병점구 용주로 136,용주사,1983-09-19
52,도지정문화재,홍승인 고가,문화재자료제74호,경기도 화성시 효행구 정남면 서봉로 851번길 34-15,홍승인,1985-09-20
53,도지정문화재,남양풍화당,문화재자료제112호,경기도 화성시 만세구 남양읍 남양시장로 45번길 8-3,남양기로회,2002-09-16
54,도지정문화재,추연 우성전 묘역(우하영 묘역 포함),문화재자료제121호,경기도 화성시 효행구 매송면 숙곡리 산 79-1 일원,단양우씨 화수회,2003-04-21
55,도지정문화재,화성 용주사 목조불패,문화재자료 제151호,경기도 화성시 병점구 용주로 136,용주사,2009-06-24
56,도지정문화재,화성 용주사 목조소대,문화재자료 제152호,경기도 화성시 병점구 용주로 136,용주사,2009-06-24
57,도지정문화재,여주 신륵사 청동시루,문화재자료제156호,경기도 화성시 병점구 용주로 136,신륵사,2010-03-23(명칭변경2020-12-03)
58,도지정문화재,화성팔탄민요,무형문화재 제65호,경기도 화성시 만세구 팔탄면 구장길 20 (팔탄향토민요복원관),팔탄면 향토민요보존회,2022-05-20
59,향토문화재,안곡서원,유형문화재 제1호,경기도 화성시 만세구 서신면 제부로 860-36,상주박씨 판서공파종회,1986-05-20
60,향토문화재,최루백 ,유형문화재 제2호,경기도 화성시 효행구 봉담읍 최루백로 313-4,수원최씨 현납공파종중,1986-05-20
61,향토문화재,이곤선생 효자문,유형문화재 제3호,경기도 화성시 효행구 봉담읍 상리 363,원주이씨 사용공파 봉담종친회,1986-05-20
62,향토문화재,홍담효자각,유형문화재 제4호,경기도 화성시 만세구 서신면 홍법리,남양홍씨토홍계 정효공파종회,1986-05-20
63,향토문화재,"한명윤, 밀양박씨 충열각",유형문화재 제5호,경기도 화성시 만세구 양감면 정문리 189-6,한상우,1986-05-20
64,향토문화재,박장철 효자각,유형문화재 제6호,경기도 화성시 동탄구 장지안길 1,박치원,1986-05-20
65,향토문화재,금산사,유형문화재 제7호,경기도 화성시 만세구 팔탄면 창곡리 270-14,김해김씨 흥무왕공파종중,1986-05-20
66,향토문화재,최윤식 기념비문,유형문화재 제8호,경기도 화성시 효행구 정남면 괘랑리,김형일,2001-03-30
67,향토문화재,남양홍씨 열녀정려문,유형문화재 제9호,경기도 화성시 만세구 남양읍 송림리 산125,삭령최씨 사마공파,2001-03-30
68,향토문화재,차운혁 충신정려문,유형문화재 제10호,경기도 화성시 효행구 정남면 괘랑리 산 59 일원 ,연안차씨 강렬공파,2005-12-01
69,향토문화재,연안차씨 집안문서,유형문화재 제11호,경기도 화성시 만세구 향남읍 행정동로 96  (화성시역사박물관),화성시,2005-12-01
70,향토문화재,정부인 영광정씨묘 출토유물,유형문화재 제12호,경기도 화성시 만세구 향남읍 토화길 70-1,고령신씨 북백공파,2007-12-20
71,향토문화재,고령신씨 소장 고문헌,유형문화재 제13호,경기도 화성시 만세구 향남읍 토화길 70-1,고령신씨 북백공파,2007-12-20
72,향토문화재,신면공 영광정씨 정부인 화관비,유형문화재 제14호,경기도 화성시 만세구 향남읍 구문천2길 122-10,고령신씨 북백공파,2008-12-04
73,향토문화재,남양도호부선정비,유형문화재 제16호,경기도 화성시 만세구 남양읍 남양리 2247 (만세구 남양읍사무소 내),화 성 시,2019-10-24
74,향토문화재,정숙옹주 태실비,유형문화재 제17호,경기도 화성시 동탄구 송동681-674 (동탄호수공원 내),화 성 시,2019-10-24
75,향토문화재,오산리 석불입상,유형문화재 제18호,경기도 화성시 동탄구 노작로 134 (동탄복합문화센터 야외),화 성 시,2019-10-24
76,향토문화재,수성최씨 한림공파 독정종중 고문서,유형문화재 제19호,경기도 화성시 만세구 향남읍 행정동로 96  (화성시역사박물관),화 성 시,2019-10-24
77,향토문화재,안녕리 표석,유형문화재 제20호,경기도 화성시 병점구 안녕동 17-4,화 성 시,2019-10-24
78,향토문화재,최일황·최우홍 부자 효자정려,유형문화재 제21호,경기도 화성시 만세구 장안면 수촌리 686-2,홍 정 분,2020-02-20
79,향토문화재,신용개 신도비,유형문화재 제22호,경기도 화성시 향남면 구문천리 산104-1,신 희 진,2020-02-20
80,향토문화재,외금양계비 (外禁養界碑),유형문화재 제23호,경기도 화성시 효행구 정남면 관항리 산28-31,화 성 시,2023-08-22
81,향토문화재,서거정 묘역 문석인,유형문화재 제24호,경기도 화성시 효행구 봉담읍 왕림리 산 44-1,대구서씨 사가공파 대종회,2024-03-26
82,향토문화재,수촌교회,기념물 제1호,경기도 화성시 만세구 장안면 수촌큰말길 32,기독교 대한감리회 유지재단,1986-05-20
83,향토문화재,홍한 묘역,기념물 제2호,경기도 화성시 만세구 서신면 홍법리 산 70-1 일원,남양홍씨 참의공파,2001-03-30
84,향토문화재,반남박씨 묘역,기념물 제3호,경기도 화성시 동탄구 동탄중앙로 438-18,반남박씨 창신교위종파,2001-09-14
85,향토문화재,노작 홍사용 묘역,기념물 제4호,경기도 화성시 동탄구 노작로 206(노작홍사용문학관 뒤편),남양홍씨 문희공파,2002-12-03
86,향토문화재,수성최씨 시조묘,기념물 제5호,경기도 화성시 효행구 매송면 숙곡리 산 81-1 일원 ,수성최씨대종회,2007-02-28
87,향토문화재,반남박씨 박원도묘,기념물 제6호,경기도 화성시 동탄구 오산동 산88-63,반남박씨 죽장공파,2007-02-28
88,향토문화재,조기수 묘역,기념물 제7호,경기도 화성시 동탄구 목동 118-16,풍양조씨 수일헌공종친회,2008-12-04
89,향토문화재,"양노리 조세성묘, 조동점묘, 조완묘",기념물 제8호,경기도 화성시 효행구 비봉면 양노리 산26-5/12,평양조씨(조한상),2013-06-25
90,향토문화재,반송 탄요유적공원 탄요지,기념물 제9호,경기도 화성시 동탄구 반송동 207 (탄요유적공원 내),화 성 시,2016-04-07
91,향토문화재,청계중앙공원 매장문화재 유적,기념물 제10호,경기도 화성시 동탄구 청계동 산3 (청계중앙공원 내),화 성 시,2016-04-07
92,향토문화재,병점동 지석묘(고인돌),기념물제11호,경기도 화성시 병점구 병점동 864-2 (병점고인돌공원) 내,화성시,2020-02-20
93,향토문화재,승무(화성 이동안류),무형문화재 제1호,미확인,김정아,2024-03-15
